id,employment,age
0,170512700,37.2
1000,2462648,37.9
1001,17888,37
1003,78920,41.1
1005,14190,39
1007,6234,37.8
1009,17593,39
1011,4612,38.5
1013,9510,40.1
1015,63737,38.2
1017,15322,41.5
1019,8556,43.9
1021,12590,37.6
1023,5662,43.4
1025,12836,40.2
1027,6687,42
1029,4867,40.6
1031,21304,37.6
1033,28504,41.8
1035,5909,43
1037,2498,44.2
1039,18616,42.4
1041,5411,40.7
1043,40698,39.9
1045,27875,36.1
1047,21096,37.7
1049,36284,37.5
1051,23404,37.8
1053,16896,39.2
1055,49818,40.2
1057,7845,42.5
1059,14490,37.8
1061,9643,42
1063,3433,41.8
1065,5634,40
1067,6683,42.8
1069,61408,38.5
1071,24992,41.4
1073,476361,37.1
1075,6312,43.5
1077,41708,40.4
1079,11969,40.6
1081,61366,29.5
1083,36482,38.4
1085,5007,40.6
1087,8184,36.3
1089,203657,37.3
1091,11159,40.4
1093,16137,42.8
1095,45856,38.2
1097,216404,36.6
1099,12412,40.1
1101,170004,34.9
1103,62661,39
1105,3826,37.2
1107,6400,41.9
1109,17258,31.4
1111,8590,41.2
1113,16737,35.8
1115,22621,38.6
1117,74629,36.9
1119,5610,37.7
1121,36846,39.3
1123,19109,42.4
1125,100208,31.2
1127,31161,41.2
1129,6160,39.7
1131,4527,38.8
1133,11642,43.1
2000,421347,33.8
2013,3085,42.1
2016,4784,40.7
2020,190167,32.9
2050,8762,26.2
2060,1646,42.8
2068,2364,41.5
2070,4012,29
2090,55656,31
2100,2204,46.9
2105,2521,46
2110,20131,38.1
2122,29713,40.6
2130,10193,38.4
2150,9130,32.5
2164,860,30.8
2170,27806,34.8
2180,4650,27.6
2185,9343,35.1
2188,3298,25.7
2195,4492,41.5
2198,2876,39.9
2220,6624,38.2
2230,0,41.2
2240,3153,37.4
2261,7214,39.8
2270,2702,21.9
2275,0,46.7
2282,644,39.7
2290,3317,35.3
4000,3048069,35.9
4001,25805,32.4
4003,55104,39.7
4005,76816,31
4007,20644,47.9
4009,9976,31.6
4011,4321,34.8
4012,7785,53.9
4013,2046110,34.6
4015,65832,47.6
4017,37019,34.7
4019,466647,37.7
4021,55874,35.3
4023,16102,35.6
4025,79423,49.2
4027,80611,33.8
5000,1530274,37.4
5001,13792,40.7
5003,11357,40.3
5005,21139,50.6
5007,113378,34.3
5009,20241,41.4
5011,6029,40.3
5013,3880,43.4
5015,14853,44
5017,5430,41.8
5019,13643,33.5
5021,7807,43.2
5023,12490,46.8
5025,2062,40.2
5027,12936,37
5029,10715,40.5
5031,54400,33.2
5033,25651,37.6
5035,21587,34.2
5037,8495,39.7
5039,4598,42.7
5041,7385,38.7
5043,9575,36.9
5045,47771,31.5
5047,7507,39.8
5049,4910,47
5051,50842,44.4
5053,6023,39.5
5055,19157,37.9
5057,11859,37.7
5059,11332,40.1
5061,10338,38.4
5063,22014,39
5065,5492,47.3
5067,8688,40.5
5069,43644,37.4
5071,11948,37.2
5073,2788,43.3
5075,7862,40.9
5077,3849,39.8
5079,4641,38
5081,6420,41.2
5083,9221,41.4
5085,19500,35.3
5087,6530,40.9
5089,6777,50.1
5091,19598,37.2
5093,23827,34.9
5095,4079,44.2
5097,3790,46.8
5099,3823,41.6
5101,2893,46
5103,10328,42.1
5105,2952,41.6
5107,9693,36.9
5109,4298,40.2
5111,9922,39.8
5113,10038,43.1
5115,33016,35.1
5117,3392,44.5
5119,303194,36
5121,8236,41.9
5123,11789,37.2
5125,26585,38.8
5127,4977,39.8
5129,3777,46.8
5131,88009,36.7
5133,7737,33.7
5135,5880,47
5137,5379,47.7
5139,26475,40.1
5141,6257,46.6
5143,111755,30.7
5145,34738,36
5147,3271,43.3
5149,10010,37.8
6000,19796639,35.2
6001,870971,36.6
6003,1123,46.7
6005,18698,48.2
6007,103975,37.2
6009,16976,49.2
6011,10700,33.5
6013,484928,38.5
6015,11025,39.1
6017,88255,43.6
6019,424998,30.6
6021,11981,35.3
6023,71189,37.1
6025,65211,31.9
6027,10577,45.6
6029,328982,30.7
6031,57507,31.1
6033,23235,45
6035,14214,37.1
6037,5461150,34.8
6039,57155,33
6041,177754,44.5
6043,7912,49.2
6045,50487,41.5
6047,89609,29.6
6049,4645,46.1
6051,9989,37.2
6053,229358,32.9
6055,88077,39.7
6057,54834,47.6
6059,1919695,36.2
6061,180450,40.3
6063,11285,49.6
6065,783857,33.7
6067,767531,34.8
6069,23137,34.3
6071,800935,31.7
6073,1814708,34.6
6075,680663,38.5
6077,280759,32.7
6079,146950,39.4
6081,447888,39.3
6083,255175,33.6
6085,1081736,36.2
6087,141442,36.9
6089,91201,41.8
6091,1311,50.9
6093,22176,47
6095,171572,36.9
6097,272701,39.9
6099,217599,32.9
6101,41696,34.5
6103,24313,39.5
6105,4959,49.3
6107,178952,29.6
6109,26616,47.3
6111,420279,36.2
6113,114738,30.4
6115,26800,32.1
8000,2990492,36.1
8001,196900,32.4
8003,10497,32.9
8005,394495,35.7
8007,7108,48.4
8009,2812,47.4
8011,2247,39.8
8013,219168,35.8
8014,35499,36.4
8015,10158,47.4
8017,1639,42.7
8019,6676,46.6
8021,3168,38.2
8023,1427,49
8025,1814,38.9
8027,2223,53.3
8029,14575,45.6
8031,528192,33.7
8033,998,44.7
8035,104905,36.6
8037,39423,34
8039,8403,43.8
8041,345369,34.1
8043,19407,43.6
8045,32025,34.5
8047,5962,45.6
8049,10517,41.2
8051,11949,34.3
8053,634,47.1
8055,3602,51.8
8057,1187,47.3
8059,261677,40.4
8061,1286,47.4
8063,5035,39.7
8065,3029,35
8067,34640,38.4
8069,179052,35.5
8071,8410,43.9
8073,3484,40.9
8075,12617,38.4
8077,77353,38.1
8079,809,53.1
8081,7393,35.8
8083,14033,42.9
8085,22456,42
8087,15662,36
8089,10202,40.9
8091,2848,50
8093,5859,46.9
8095,2851,42.8
8097,21804,42
8099,7851,36.7
8101,71757,38.7
8103,4344,38
8105,7951,41
8107,20206,38.9
8109,2765,43.3
8111,559,43.8
8113,7762,39.3
8115,1707,49.2
8117,24636,36.4
8119,10589,47
8121,2932,44.2
8123,107640,33.1
8125,6314,38.5
9000,2153330,40
9001,584138,39.5
9003,612119,39.9
9005,96610,44.4
9007,94912,43.1
9009,483962,39.3
9011,170146,40.4
9013,60999,38.3
9015,50444,39.2
10000,522010,38.8
10001,80987,36.6
10003,349601,37.2
10005,91422,45.4
11000,789623,33.8
11001,789623,33.8
12000,9774569,40.7
12001,156742,30.1
12003,8508,36
12005,95449,39.5
12007,10366,39.5
12009,269985,45.5
12011,956461,39.7
12013,4457,39.7
12015,62501,55.9
12017,47714,54
12019,56409,38
12021,182588,46.9
12023,25351,39.9
12027,14114,38.1
12029,4304,45.4
12031,609096,35.8
12033,176496,37.6
12035,20318,47.5
12037,5885,42.4
12039,19148,38.9
12041,5200,40.6
12043,3813,43.1
12045,5632,42.7
12047,4701,38.1
12049,12258,32.8
12051,19672,32.8
12053,53411,47.7
12055,38994,51.5
12057,776198,36.1
12059,6918,41.3
12061,65123,49.1
12063,19130,40.5
12065,5094,44.1
12067,2449,36.2
12069,107785,45.6
12071,278686,45.6
12073,176994,29.6
12075,13307,45
12077,2898,37
12079,7311,40.2
12081,161796,45.7
12083,129200,47.3
12085,81794,49.7
12086,1355984,38.2
12087,55760,46.4
12089,24927,42.9
12091,125216,38.3
12093,13042,38.6
12095,787077,33.7
12097,78828,35.6
12099,738472,43.5
12101,118290,43.6
12103,579722,46.3
12105,253985,39.8
12107,22722,43.4
12109,63457,42.2
12111,92935,42.4
12113,46253,39.2
12115,214563,52.5
12117,210906,38.2
12119,17199,62.7
12121,14619,42.2
12123,8519,41.1
12125,5172,39.1
12127,204261,45.3
12129,7619,38.8
12131,22204,42.1
12133,8581,40.3
13000,5074434,35.3
13001,8505,38.1
13003,2891,33.4
13005,5118,36.9
13007,1302,41.6
13009,25025,34.1
13011,7394,38.4
13013,21783,33.6
13015,48097,36.2
13017,10695,37.1
13019,7564,38
13021,109899,35.6
13023,5682,35.9
13025,3917,37.8
13027,4822,40.3
13029,8578,35.7
13031,29675,25.9
13033,8810,35.9
13035,8865,38.1
13037,2390,38.7
13039,22945,31.3
13043,4966,37.6
13045,46023,33.5
13047,24177,38.3
13049,3508,38.2
13051,166399,34
13053,16687,24
13055,10167,39.3
13057,62271,36.3
13059,78860,25.9
13061,1240,45.8
13063,135883,31.6
13065,3077,36.8
13067,405099,35.4
13069,22784,34.8
13071,19500,34.8
13073,39628,36.8
13075,6361,36.4
13077,43335,36.6
13079,3797,41.5
13081,11594,38.1
13083,5759,39
13085,9372,40.6
13087,14166,37.7
13089,421361,34.3
13091,8619,38.5
13093,4940,40
13095,62103,33.2
13097,48525,35
13099,6526,39.3
13101,1646,31.4
13103,12411,35.1
13105,10056,41.1
13107,10922,36.8
13109,6355,35.9
13111,9686,48.3
13113,57796,42.4
13115,53323,37.6
13117,50747,36.9
13119,12594,40.9
13121,895415,34.2
13123,12553,43.4
13125,950,39.3
13127,47015,39.4
13129,27088,36
13131,9953,37.8
13133,7399,46.4
13135,372113,33.7
13137,19592,38.6
13139,87451,34.5
13141,2421,43
13143,9955,38.5
13145,9067,42
13147,10305,42.6
13149,3570,39.1
13151,59341,35.3
13153,70248,34.5
13155,3666,38.8
13157,22223,37.1
13159,4314,39
13161,6518,36
13163,7758,38.8
13165,3719,38.2
13167,2995,40.4
13169,5837,38.7
13171,5396,37.7
13173,2158,33.4
13175,26630,38
13177,7042,36
13179,36325,27.9
13181,2826,45
13183,1673,30.6
13185,61583,29.9
13187,9982,36.1
13189,10808,38.4
13191,3979,44.4
13193,5641,38.2
13195,7791,39.4
13197,2769,40.8
13199,8130,41
13201,2718,41.7
13205,10750,37.1
13207,7609,41.3
13209,2997,37
13211,9505,41.3
13213,15023,36.2
13215,120363,33.5
13217,23999,34.7
13219,11429,39.1
13221,3066,40.1
13223,31924,33.8
13225,10032,33.3
13227,10070,42.1
13229,6599,38.4
13231,4734,38.5
13233,15425,36.2
13235,4426,41.1
13237,9391,43.5
13239,699,46.4
13241,8642,45.8
13243,3506,42.8
13245,136714,33.2
13247,43967,36.9
13249,1761,37.1
13251,5758,39.5
13253,3868,43.7
13255,30341,37.2
13257,12671,40.7
13259,1577,37.3
13261,17234,33.8
13263,1626,45.6
13265,503,45.9
13267,9003,36.6
13269,3001,39.7
13271,5590,39.2
13273,3723,39.6
13275,27449,39.6
13277,25396,34.5
13279,15071,36
13281,5466,51.1
13283,2016,36.8
13285,38845,36.3
13287,4085,38.7
13289,2453,45
13291,9593,50.7
13293,10491,40.3
13295,20233,39.7
13297,22347,37.4
13299,20981,38.4
13301,2176,42.9
13303,10591,38.9
13305,12169,37.6
13307,764,40.6
13309,2011,37.9
13311,10467,42.3
13313,73671,34
13315,2635,39.7
13317,4849,43.4
13319,3811,41.1
13321,6201,39.7
15000,812664,38.6
15001,89627,40.9
15003,588279,37.8
15005,0,55.3
15007,40825,41.3
15009,93933,39.6
16000,841031,34.6
16001,248327,34.8
16003,2298,50
16005,45958,31.4
16007,2988,40.5
16009,5139,44.8
16011,20656,31.8
16013,20281,40.4
16015,2606,48.4
16017,22487,45.8
16019,58753,31.7
16021,5484,42.8
16023,5975,41.7
16025,687,44.3
16027,71549,31.6
16029,4767,37.7
16031,12554,32
16033,902,32.7
16035,4856,49
16037,2690,48
16039,14347,30
16041,5235,31.5
16043,5020,33.5
16045,5926,42.9
16047,8014,34.3
16049,8046,48
16051,9337,30
16053,10355,31.7
16055,68320,38.9
16057,21232,28.3
16059,4598,49.7
16061,2168,48
16063,2253,32
16065,16882,22.6
16067,10021,35.3
16069,26330,40.8
16071,1946,39.1
16073,4140,36
16075,9111,37.2
16077,4451,33.2
16079,5841,46.2
16081,3547,33.2
16083,43921,34.4
16085,6262,46.9
16087,4771,43.6
17000,7335888,36.6
17001,43803,40.7
17003,2833,41.1
17005,7607,39.7
17007,18558,36.8
17009,3789,37.3
17011,18961,42.5
17013,2025,44.6
17015,7645,46.5
17017,8190,38.7
17019,126039,28.9
17021,16621,41.6
17023,8041,42.3
17025,8583,42.2
17027,18329,39.3
17029,33152,31.6
17031,3258693,35.3
17033,10609,41.7
17035,4669,40.9
17037,49496,29.3
17039,7702,41.7
17041,12186,38.7
17043,706171,38.2
17045,9563,43.2
17047,4954,42.7
17049,26332,39.2
17051,10054,39.9
17053,7783,42.4
17055,15215,41.8
17057,13905,41.9
17059,2334,44.4
17061,5601,41.6
17063,21535,36.1
17065,3347,43.1
17067,9485,44.6
17069,1867,46.3
17071,2751,47.2
17073,22730,41.8
17075,14644,43.4
17077,37767,29.1
17079,4427,42.7
17081,24708,40.6
17083,8423,40.5
17085,13406,47.1
17087,4404,42.2
17089,256013,34.5
17091,53106,36.7
17093,25011,32.9
17095,28794,42
17097,431860,36.7
17099,56913,41
17101,6964,39.7
17103,18344,42
17105,20339,40.8
17107,13955,39.4
17109,17521,28.9
17111,121894,38
17113,108576,32.1
17115,66301,40.3
17117,18585,41.7
17119,125054,38.6
17121,17830,41.4
17123,5812,44.8
17125,6120,44
17127,6607,42.1
17129,4116,42.6
17131,5924,43.7
17133,12153,41
17135,14494,41.9
17137,20049,40.8
17139,6515,40.3
17141,24437,40.7
17143,122099,36.8
17145,9156,39.4
17147,5881,42.6
17149,7349,42.5
17151,1263,46.6
17153,2775,43.2
17155,2658,45.2
17157,15293,41
17159,9068,42.1
17161,94846,40
17163,124268,36.9
17165,12862,41.7
17167,131751,39.2
17169,3330,43.6
17171,2255,42.7
17173,8759,43.5
17175,2223,43.8
17177,27483,43.1
17179,72468,39.8
17181,7649,42.9
17183,40882,39.8
17185,5813,42
17187,8467,39.6
17189,8214,42.3
17191,7532,42.9
17193,7648,45.2
17195,28632,41.8
17197,211748,35.4
17199,33151,40.1
17201,171085,38.3
17203,17056,39.6
18000,3632908,37
18001,23301,34
18003,225932,35.3
18005,51357,38.2
18007,4510,40.1
18009,5950,42.4
18011,29282,38.6
18013,6903,46.7
18015,10468,40.9
18017,20726,38.7
18019,57131,37.9
18021,12707,39.9
18023,15040,37.5
18025,4323,41.8
18027,16537,35.4
18029,22685,40
18031,16349,38.7
18033,28997,38.1
18035,64483,34.8
18037,34580,39.9
18039,152041,34.9
18041,11933,40.8
18043,39367,39.1
18045,7962,41.6
18047,7368,40
18049,10714,40.3
18051,20356,39.9
18053,35685,39.5
18055,12285,41.1
18057,138762,35.6
18059,34609,39.1
18061,17655,40.2
18063,61690,36.7
18065,20264,41.4
18067,52869,40.7
18069,20753,39
18071,26568,38.7
18073,16572,38
18075,10937,39
18077,18263,39.7
18079,11517,38.4
18081,62927,36.8
18083,21793,38.5
18085,44575,37.7
18087,17993,30.4
18089,242409,37.4
18091,58902,39.6
18093,20983,41.6
18095,56396,39.2
18097,667617,33.9
18099,24801,38.4
18101,8174,41.8
18103,15013,39.5
18105,81517,27.7
18107,21748,39.4
18109,21082,39.9
18111,5521,42.4
18113,26344,37.1
18115,2619,43.7
18117,8381,40.8
18119,7172,42.4
18121,5663,41.3
18123,8896,40.4
18125,4387,42.8
18127,70926,38.4
18129,12633,41.6
18131,6856,41.7
18133,16984,37.9
18135,10937,40.8
18137,17121,39.2
18139,7901,40.6
18141,156744,36.2
18143,9550,39.3
18145,22978,39.9
18147,10465,41.9
18149,6277,40.4
18151,19800,40.2
18153,8108,39.8
18155,3722,39.1
18157,96059,27.7
18159,6299,42.6
18161,2832,40.3
18163,126699,37.5
18165,6636,41.9
18167,63402,36.1
18169,19282,41.2
18171,2901,42.4
18173,20808,39.7
18175,10241,39.2
18177,43068,40.2
18179,15027,40.2
18181,10437,41.9
18183,13871,40.1
19000,1941257,38.1
19001,5640,45.3
19003,2700,46.7
19005,9326,44
19007,7841,44.2
19009,4012,47
19011,11517,40.9
19013,88478,34.4
19015,14030,40.8
19017,14032,39.3
19019,10137,39
19021,13946,37.1
19023,6960,43.8
19025,5785,47.8
19027,17008,42.3
19029,9079,45.1
19031,9527,42.4
19033,34189,43.3
19035,8204,47
19037,7166,43.7
19039,6458,40.2
19041,12161,42.5
19043,11283,45
19045,29445,41.4
19047,11017,38.4
19049,27978,34.3
19051,4308,38.6
19053,4462,38.2
19055,10502,42.1
19057,27634,41.5
19059,13421,48.1
19061,64273,38.6
19063,6530,41
19065,11739,43.2
19067,8812,43.3
19069,6541,42.8
19071,5080,45.1
19073,5624,45.6
19075,6347,43
19077,5255,44.8
19079,11170,42.3
19081,10861,44.8
19083,10668,43.7
19085,6896,42.9
19087,14246,40.2
19089,6994,42.1
19091,6621,44.3
19093,5296,44.8
19095,13643,42.4
19097,10708,44
19099,19556,41.6
19101,11753,43.5
19103,97279,29.3
19105,9606,42.7
19107,5076,43.8
19109,10708,46.6
19111,21587,42.6
19113,142465,36.5
19115,5817,39.8
19117,5496,44.1
19119,6372,38.7
19121,6794,39.8
19123,12223,38.9
19125,22649,38.6
19127,23913,39.6
19129,6212,41.2
19131,5921,44
19133,5505,47.5
19135,4506,42.1
19137,7131,44.6
19139,27676,38.2
19141,9221,43.6
19143,3659,43.5
19145,9116,43.7
19147,5296,43.9
19149,15630,41.2
19151,4337,47.6
19153,319946,34.7
19155,48121,38.5
19157,13563,41
19159,2958,45.6
19161,5896,46.6
19163,107466,37.7
19165,7226,45.4
19167,23825,32.7
19169,55802,26.7
19171,8875,41.8
19173,3221,44.6
19175,8110,40.9
19177,3569,43.3
19179,21488,39.8
19181,15016,38.3
19183,10203,41.6
19185,3329,45.3
19187,24651,40
19189,6825,43.5
19191,16109,39.4
19193,62654,35.1
19195,3363,43.8
19197,7987,44.4
20000,1781741,36
20001,9314,40.8
20003,4338,42.1
20005,10617,36.3
20007,3443,45.8
20009,19704,39.7
20011,9975,38.2
20013,7255,41.9
20015,28867,37.2
20017,2888,45.6
20019,2510,48.2
20021,12045,40.5
20023,1875,50
20025,1733,44.9
20027,6489,43.3
20029,6041,42.2
20031,6233,43
20033,1270,47.4
20035,20806,38.5
20037,21292,32.6
20039,2154,51.4
20041,9875,41.4
20043,3959,39.6
20045,65945,28.4
20047,1992,44.8
20049,1716,48.8
20051,22917,32.2
20053,4017,44.3
20055,23004,30.2
20057,20434,30.4
20059,14447,38.1
20061,25962,27.7
20063,2288,48.3
20065,2763,49.4
20067,5064,32.8
20069,4081,34.7
20071,1200,46.6
20073,3131,46.7
20075,1728,33.5
20077,4250,44.1
20079,23896,38.9
20081,2324,34.3
20083,1306,46.1
20085,9611,40.7
20087,6101,42.6
20089,2420,52.5
20091,384818,36.4
20093,1971,35.5
20095,5293,44.5
20097,2094,41.9
20099,14417,40.5
20101,1449,46.1
20103,35221,37.4
20105,2136,46.4
20107,4057,44.8
20109,2197,44.9
20111,22107,32.5
20113,22909,41.4
20115,6135,44.6
20117,7730,45.2
20119,2662,38.8
20121,11843,39.5
20123,4960,45.6
20125,21102,39.9
20127,2554,47.2
20129,2053,38.9
20131,6774,42.5
20133,11221,40.2
20135,2641,48.2
20137,3771,43.5
20139,5292,42.8
20141,2878,48.2
20143,2756,42.7
20145,5032,43.2
20147,4495,45.3
20149,14695,34.8
20151,6478,40.9
20153,2811,51.3
20155,36650,39.9
20157,3719,50.6
20159,4862,39.3
20161,33507,24.3
20163,3128,44.1
20165,2316,48.7
20167,3785,46.5
20169,39212,37.8
20171,3373,41.4
20173,306063,34.2
20175,14771,28.9
20177,117931,38.1
20179,1872,46.9
20181,4242,42.1
20183,2707,49.6
20185,2606,45.6
20187,1531,35.6
20189,3343,34.4
20191,9765,40.5
20193,5538,36.6
20195,1855,49.3
20197,2705,42.6
20199,1181,45.4
20201,3551,46.4
20203,1775,40.3
20205,5739,43.1
20207,1481,48.2
20209,92701,32.8
21000,2340169,38.1
21001,8008,39
21003,8034,39.2
21005,7461,38.4
21007,4615,42.4
21009,27031,39.7
21011,3947,39.9
21013,12073,41
21015,90190,35.7
21017,10485,40.7
21019,33752,41.8
21021,20734,40.6
21023,3229,39.2
21025,4818,40
21027,7229,41.6
21029,22657,38.2
21031,4924,40.1
21033,6514,42.6
21035,21671,34
21037,38582,37
21039,1993,42.9
21041,8630,37.6
21043,10251,39.3
21045,7229,40.6
21047,63028,28.9
21049,21427,39.8
21051,6291,37.7
21053,5254,41.6
21055,3774,42.6
21057,3057,43.8
21059,54675,38.8
21061,3174,41.3
21063,1660,39.9
21065,4038,41.3
21067,205726,33.7
21069,6658,40.1
21071,15634,39.9
21073,39857,39.8
21075,3892,42.8
21077,3149,37.4
21079,5627,41.2
21081,8596,35.3
21083,17955,39.8
21085,12525,39.7
21087,4646,42.6
21089,12756,42
21091,5869,39.5
21093,63839,35
21095,10198,40.5
21097,8491,40.7
21099,7613,40.1
21101,24482,39.8
21103,7068,40.6
21105,1783,44.8
21107,23094,40.4
21109,5115,39.5
21111,514610,37.9
21113,21161,35.8
21115,8664,40.4
21117,74071,36
21119,5165,40.5
21121,13835,38.5
21123,5606,40.2
21125,29438,38.4
21127,4663,40.1
21129,2744,40.9
21131,2936,41.1
21133,7854,40.9
21135,4486,40.3
21137,7808,39.5
21139,3853,44.9
21141,13316,40.2
21143,3187,47.9
21145,47252,41.8
21147,4734,37.9
21149,3233,41.5
21151,39531,33.7
21153,3693,39.1
21155,9713,37.8
21157,15201,44.3
21159,3928,37.3
21161,12832,40.3
21163,7050,35
21165,1960,40.6
21167,10616,41.7
21169,4461,40.7
21171,5916,42.1
21173,14157,38
21175,5185,38.6
21177,13120,40.9
21179,19782,37.7
21181,2619,40.5
21183,9602,39.1
21185,19260,39
21187,3678,40.1
21189,1549,42.2
21191,4299,39.5
21193,15827,40.2
21195,28901,40.3
21197,4582,38.7
21199,33422,41.1
21201,936,43.9
21203,5740,40.6
21205,13257,31.7
21207,8775,42.2
21209,28471,35
21211,20401,38.3
21213,11277,39.3
21215,3452,38.9
21217,13653,39.4
21219,5221,37.1
21221,5951,44.2
21223,2178,39.5
21225,7892,36.3
21227,65605,32.7
21229,5521,40.7
21231,9085,41.1
21233,5324,40.1
21235,15200,38.1
21237,2277,40.9
21239,15445,41
22000,2462439,35.8
22001,22924,35.7
22003,12422,37.4
22005,57877,34.3
22007,7467,38.9
22009,16178,38.1
22011,12890,36.6
22013,6095,41.8
22015,55741,34.7
22017,154603,36.4
22019,103138,35.9
22021,3851,39.6
22023,4470,39.9
22025,4241,38.8
22027,6318,40.7
22029,7625,37.7
22031,9311,39.7
22033,281703,32.6
22035,3180,34.3
22037,7657,41.1
22039,11070,35.9
22041,8992,38.8
22043,5231,36.8
22045,40070,35.6
22047,17256,37.9
22049,5612,39.6
22051,277488,38.4
22053,11764,37.7
22055,150629,33.2
22057,52470,36.5
22059,5309,37.9
22061,22544,27.8
22063,30912,34.4
22065,4854,34.6
22067,11045,39.1
22069,19282,33.3
22071,316165,34.6
22073,90164,34.1
22075,19779,36.3
22077,8419,41.4
22079,71718,36.9
22081,3327,38.8
22083,8034,37.6
22085,8233,40.7
22087,24385,32.9
22089,27554,36.5
22091,3973,39.5
22093,8776,37.9
22095,17208,35.5
22097,32153,36.8
22099,15069,36.3
22101,30967,37.5
22103,100660,39.3
22105,48846,33.6
22107,2432,42.5
22109,54303,35
22111,8210,41
22113,19989,36.4
22115,26739,29.6
22117,16707,38.7
22119,17089,40.3
22121,11750,35.8
22123,4128,39.4
22125,6944,41.9
22127,6499,39.5
23000,821344,42.7
23001,63560,39.8
23003,41391,45.3
23005,224644,41
23007,17761,43.4
23009,38058,46.3
23011,76816,42.8
23013,29072,46.2
23015,20052,48.1
23017,25594,44.6
23019,92322,39.9
23021,8693,48.1
23023,21991,44.1
23025,25668,43.6
23027,18220,44.1
23029,18995,46.1
23031,98507,43
24000,3270912,38
24001,38160,40.9
24003,335313,38.4
24005,487014,39.1
24009,31810,40.1
24011,13561,38.7
24013,77519,41.1
24015,37618,38.9
24017,56926,37.4
24019,17153,43.3
24021,121854,38.6
24023,19764,42.7
24025,108080,39.4
24027,174753,38.4
24029,12461,45.6
24031,626628,38.5
24033,422706,34.9
24035,20705,42.6
24037,56916,36
24039,11065,36.5
24041,27286,47.4
24043,76766,39.7
24045,55918,35.7
24047,33665,48.1
24510,407271,34.4
25000,4074096,39.1
25001,142928,49.9
25003,82441,44.7
25005,278678,39.8
25007,14091,45.3
25009,394495,40.4
25011,40453,44.2
25013,247715,38.6
25015,85348,36.6
25017,1027667,38.5
25019,9835,39.4
25021,419085,40.7
25023,249124,41.1
25025,666459,31.5
25027,415777,39.2
26000,5501814,38.9
26001,3841,55.2
26003,4222,47.3
26005,56189,39.2
26007,17433,45.6
26009,11248,47.4
26011,9157,46.7
26013,4429,42.9
26015,25203,41.2
26017,51558,41.7
26019,8633,46.2
26021,85735,41
26023,22032,39.8
26025,73277,39.2
26027,17275,42.6
26029,15024,45.5
26031,12933,47.1
26033,18872,39.5
26035,13672,45.3
26037,30425,38.4
26039,6852,47.7
26041,20529,45.6
26043,18160,45.4
26045,44324,40.3
26047,24058,43.1
26049,212829,38.5
26051,7284,47.7
26053,8303,46.8
26055,65575,41.3
26057,20824,38.7
26059,21809,40.5
26061,17931,33.1
26063,19489,46.8
26065,207550,31.4
26067,22801,37
26069,11187,51
26071,5653,51.9
26073,37853,25.1
26075,76648,39.7
26077,149906,34.1
26079,5608,43
26081,415305,34.4
26083,852,51.6
26085,3792,50.1
26087,34369,41.6
26089,9885,50.3
26091,43718,40
26093,73892,40.9
26095,2976,43
26097,6937,49
26099,410612,39.9
26101,11516,47.1
26103,35455,39.4
26105,15687,45.1
26107,18836,34
26109,11784,46.2
26111,45720,40.4
26113,5535,42.8
26115,59618,40.3
26117,25606,39.3
26119,3867,52.3
26121,84515,38.2
26123,17091,40.9
26125,922859,40.2
26127,11085,41.8
26129,9604,47.6
26131,3363,52.7
26133,8651,41.8
26135,3369,49.7
26137,15280,43.2
26139,140528,34.5
26141,5048,51.7
26143,9358,53.3
26145,113150,39.5
26147,68297,41.3
26149,29821,38.7
26151,18739,42.8
26153,3731,48.3
26155,24536,40.3
26157,18726,41.7
26159,28707,39.8
26161,243072,33.3
26163,980640,37.3
26165,19351,40.9
27000,3437346,37.4
27001,7737,51.7
27003,157055,37.1
27005,21946,42.2
27007,26179,33.2
27009,26033,34.1
27011,3263,48.5
27013,47343,29.8
27015,20014,43.3
27017,17871,40.5
27019,47710,36.3
27021,21257,46.9
27023,9368,43.1
27025,20681,39
27027,26149,31.6
27029,4715,41.9
27031,4239,49.8
27033,8513,44.2
27035,34392,42.4
27037,224025,36.8
27039,9726,36.4
27041,26010,43.1
27043,9168,46
27045,12523,42.8
27047,18605,44.2
27049,29819,41.9
27051,3706,46.5
27053,1027266,35.9
27055,9421,43.8
27057,8034,46.4
27059,20522,37.6
27061,22900,45.4
27063,7731,44.1
27065,7215,42.1
27067,29830,39.5
27069,2942,48.2
27071,7507,46.4
27073,4878,48.9
27075,6787,48.3
27077,2689,48.7
27079,14877,39.8
27081,3547,46.2
27083,19473,34.1
27085,23503,39.1
27087,3220,37.4
27089,5449,44.1
27091,14180,45.5
27093,13043,41.2
27095,12326,39.4
27097,17777,40.6
27099,21936,39.2
27101,5344,46.8
27103,17687,34.1
27105,14610,37.5
27107,4117,45.2
27109,109274,36.3
27111,34905,46.3
27113,11409,38.9
27115,11792,41.6
27117,6317,42.3
27119,17743,39.8
27121,6657,45.9
27123,400767,34.6
27125,1793,41.9
27127,10110,42.6
27129,9034,44.2
27131,30277,35
27133,5199,41.4
27135,12975,40.7
27137,119905,40.8
27139,53808,34.8
27141,32453,33.9
27143,6321,40.3
27145,97524,33.3
27147,25179,38.5
27149,6579,33.9
27151,6080,44.4
27153,11678,41.9
27155,2306,47.6
27157,10511,42.8
27159,8010,43.3
27161,11234,39.3
27163,93903,38.3
27165,6488,41.2
27167,3514,43.5
27169,31461,33.1
27171,49071,34.6
27173,6211,42.9
28000,1491792,36
28001,17002,41.1
28003,17387,39.2
28005,5199,43.7
28007,8636,39.6
28009,2250,39.4
28011,16803,34
28013,5984,39.7
28015,2593,43.3
28017,8907,37.7
28019,3672,41.9
28021,5028,33.3
28023,5028,40.5
28025,10534,37.8
28027,13007,32.8
28029,11456,36.7
28031,8547,37.6
28033,56683,35
28035,50581,31.3
28037,2484,40.1
28039,6864,36.4
28041,4010,36.6
28043,13994,39.4
28045,22690,40.7
28047,126260,35.3
28049,174141,33.1
28051,6191,32.8
28053,4949,34.4
28055,814,38.4
28057,8274,38.5
28059,62508,37.2
28061,6115,40.6
28063,1844,37.6
28065,4036,41
28067,36172,36.8
28069,3289,38.5
28071,24103,27.7
28073,18128,33
28075,46815,37
28077,4618,38.9
28079,9315,33.2
28081,62705,36.4
28083,19362,32.8
28085,16716,37.8
28087,33585,36
28089,56003,35.8
28091,11398,37.7
28093,9855,38.3
28095,15274,39.5
28097,4477,41.4
28099,18236,35.3
28101,9002,37.1
28103,5073,36.3
28105,24326,25.4
28107,14905,36.5
28109,16958,38.9
28111,4236,38.7
28113,19546,36.9
28115,15543,36.4
28117,10652,38.5
28119,2943,37.3
28121,70915,36.2
28123,14871,34.9
28125,2541,39.5
28127,10690,37.9
28129,5258,39.1
28131,5160,35.9
28133,13727,33.5
28135,5043,35
28137,9722,36
28139,9920,38
28141,7466,42
28143,17082,32.1
28145,11784,37.5
28147,4952,38
28149,30089,37.7
28151,28197,35.3
28153,8067,37.2
28155,3470,39.9
28157,3056,37.5
28159,8016,39.5
28161,4728,40.6
28163,9332,35.1
29000,3527200,37.9
29001,15311,28.3
29003,6386,41
29005,3317,46.2
29007,14205,38.5
29009,22440,41.8
29011,8594,40.3
29013,8032,41.3
29015,7698,51.5
29017,4761,42
29019,105407,29.6
29021,55417,36.9
29023,25871,40.6
29025,4761,41.3
29027,20145,37.7
29029,26709,48.6
29031,52072,36.4
29033,5245,42.1
29035,2491,41.2
29037,35822,37.9
29039,6790,44.9
29041,5051,45.8
29043,27211,36.3
29045,3384,42.3
29047,117117,36.2
29049,7510,40.8
29051,66179,37.7
29053,9320,38.7
29055,10788,40.6
29057,4647,45.9
29059,7490,41.4
29061,4195,40.1
29063,4430,39.9
29065,6782,43
29067,7764,45
29069,14648,39.3
29071,49075,39.4
29073,8696,45
29075,3713,42.4
29077,191503,35.8
29079,5581,41.6
29081,4918,42.6
29083,11516,43.5
29085,2703,53
29087,2553,46.6
29089,4444,39.2
29091,22957,39.6
29093,4367,42.7
29095,455046,36.2
29097,74312,35.1
29099,70227,37.8
29101,29586,29.8
29103,2420,43.6
29105,18860,39.3
29107,14576,40.6
29109,14165,39.1
29111,4591,38.7
29113,16489,35.6
29115,7640,42.2
29117,9066,41.1
29119,10125,36.5
29121,8365,42.3
29123,5100,41
29125,5081,42.8
29127,18087,39
29129,2334,43.5
29131,11125,40.2
29133,5751,39.4
29135,6995,37.8
29137,5155,43.8
29139,6037,43.2
29141,7284,46.1
29143,9771,40.4
29145,25749,39
29147,13603,28.5
29149,4818,45.4
29151,6470,39.3
29153,3597,48.9
29155,8015,37
29157,12310,39.2
29159,25197,37.1
29161,24888,33.8
29163,8637,39.9
29165,48494,38.4
29167,12511,37.8
29169,25899,26.6
29171,2533,45.1
29173,4275,43.4
29175,13691,38
29177,10020,40.6
29179,2650,44.6
29181,4876,42.1
29183,151676,36.9
29185,4137,48.1
29186,7708,42.6
29187,28631,38.2
29189,780652,39.9
29195,13090,38.2
29197,1779,41.3
29199,2512,39.1
29201,20614,38.9
29203,3596,43.4
29205,3326,42.3
29207,15745,41.1
29209,14453,49.9
29211,3854,40.8
29213,29689,40.7
29215,9682,42.1
29217,11266,40
29219,10321,39.5
29221,6442,39.2
29223,3845,45.8
29225,11454,37.5
29227,1142,47.4
29229,7373,40.7
29510,267776,33.9
30000,597974,39.8
30001,5605,42
30003,6124,30.5
30005,2985,35.1
30007,2286,45.4
30009,5444,48.1
30011,909,50.2
30013,49576,38.9
30015,3144,41.5
30017,7114,42.1
30019,1484,50.4
30021,5354,43.5
30023,4370,46
30025,2027,42.9
30027,7502,47.8
30029,55214,41.2
30031,59507,32.5
30033,862,46.4
30035,6262,31.7
30037,562,48.8
30039,1880,52.1
30041,9884,35.1
30043,5470,46.2
30045,1119,48.3
30047,13845,41.3
30049,40533,40.9
30051,1238,44.6
30053,9055,48.9
30055,1260,48.9
30057,5209,49.8
30059,1186,50.1
30061,2035,49.8
30063,73451,34.3
30065,1999,49.1
30067,9316,45.4
30069,335,47.3
30071,2687,46.8
30073,3137,42.8
30075,1165,49.3
30077,3547,45.1
30079,677,53.6
30081,19024,46
30083,6533,41.3
30085,5435,31.6
30087,6272,36.5
30089,5585,49.8
30091,2483,50.3
30093,19671,41.3
30095,5304,45.7
30097,2774,46.6
30099,3502,45.8
30101,3441,41.5
30103,467,51.5
30105,4670,46.4
30107,1126,44.9
30109,671,49
30111,95657,38.3
30113,0,0
31000,1199005,36.2
31001,20594,37.9
31003,4666,46.6
31005,317,41.4
31007,438,48.1
31009,435,46.1
31011,3687,45.5
31013,7416,41.3
31015,1383,50.2
31017,2265,47.9
31019,32821,32.1
31021,3511,47.1
31023,4378,44.3
31025,9754,41.1
31027,5448,44.4
31029,2723,43.6
31031,4178,45.4
31033,7969,40.4
31035,3974,43.2
31037,6866,34.2
31039,6409,43.7
31041,7059,45.4
31043,13183,32.8
31045,5669,33
31047,15245,36.2
31049,1158,48.3
31051,3187,42.1
31053,22066,40.3
31055,387801,33.5
31057,1370,47.9
31059,4014,46.3
31061,1904,48.4
31063,1744,43.1
31065,2766,47.4
31067,14837,43.7
31069,1534,49.8
31071,1410,50.3
31073,974,47.1
31075,472,48.2
31077,1547,46.4
31079,39487,35.8
31081,5218,42.3
31083,1836,49.2
31085,680,47.7
31087,1575,48.2
31089,7642,46.1
31091,603,50.1
31093,3170,43.3
31095,4711,46.8
31097,3177,43.3
31099,3574,43.3
31101,5384,47.3
31103,591,50.7
31105,2679,46
31107,4735,46.6
31109,196854,32.6
31111,22083,39.2
31113,409,43.3
31115,345,48.5
31117,258,43.6
31119,29470,37.1
31121,3770,42.5
31123,2632,43.4
31125,1998,45
31127,5099,41
31129,3011,49.5
31131,9245,42.9
31133,1624,49.3
31135,2061,43.9
31137,6515,42.8
31139,3658,42.2
31141,22265,38.2
31143,2866,45.3
31145,7414,41.8
31147,4552,47.1
31149,1141,49.9
31151,8663,36.4
31153,71466,32.9
31155,7847,41.5
31157,23270,39
31159,9176,38
31161,3300,46.1
31163,1706,47.8
31165,720,47.8
31167,2431,38.6
31169,3740,49.2
31171,519,46.7
31173,3343,29.4
31175,2789,46.9
31177,10623,40.8
31179,6127,29.2
31181,1901,47.2
31183,662,46.1
31185,11218,42.2
32000,1449687,36.3
32001,19228,39
32003,1013288,35.5
32005,31219,47.4
32007,23371,33.4
32009,463,52.9
32011,4031,42.4
32013,9475,36.2
32015,2471,37.1
32017,1979,39.9
32019,15714,40.9
32021,2352,49.2
32023,16058,48.4
32027,2553,41
32029,1905,50.5
32031,259903,37
32033,4412,40.8
32510,41265,41.7
33000,825103,41.1
33001,39610,44.7
33003,31948,48.3
33005,47149,40.7
33007,19721,46.4
33009,69729,41.2
33011,253715,39.3
33013,94740,41.4
33015,188735,42.2
33017,58736,36.9
33019,21020,43.9
34000,4936352,39
34001,180886,39.9
34003,590066,41.1
34005,261029,40.4
34007,266912,37.9
34009,62071,47.1
34011,74660,36.5
34013,457880,36.4
34015,124383,38.7
34017,296711,34.2
34019,76005,43.5
34021,260629,37.8
34023,486220,37.2
34025,343481,41.3
34027,373000,41.3
34029,209127,42.6
34031,226816,36.1
34033,30319,40.8
34035,212115,40.2
34037,62498,41.8
34039,293166,38
34041,48378,41.5
35000,1038845,36.7
35001,412529,35.8
35003,1542,55.8
35005,28305,34.7
35006,10530,36.6
35007,8429,46.7
35009,24425,31.5
35011,1127,47.8
35013,84165,32.4
35015,26330,37.3
35017,13741,45.9
35019,2085,40.1
35021,747,55.9
35023,2345,40.9
35025,31054,31.9
35027,11522,49.4
35028,21503,44.3
35029,10164,39.5
35031,28956,30.7
35033,2037,46
35035,29285,36.5
35037,4780,45.6
35039,18413,39
35041,9410,29.7
35043,35289,37.9
35045,60440,33
35047,13544,40.7
35049,86218,43
35051,4602,54.5
35053,8032,36.9
35055,17626,45.2
35057,5615,41.6
35059,2686,40.9
35061,21369,37.7
36000,10610532,38
36001,274397,38.5
36003,21046,37.8
36005,321038,32.8
36007,117808,40.2
36009,42686,40.7
36011,37272,41.5
36013,71620,40.9
36015,47817,40.9
36017,23696,42.9
36019,44104,39.1
36021,32480,45.3
36023,25155,35.8
36025,27662,45.4
36027,151347,40.2
36029,556504,40.4
36031,21806,44.5
36033,23253,39.3
36035,26861,41.8
36037,30876,41.5
36039,19545,44
36041,2831,51.3
36043,25509,42.1
36045,63881,32.6
36047,681474,34.1
36049,10845,40.2
36051,29384,39.8
36053,30854,39.5
36055,474916,38.5
36057,23016,40.8
36059,793147,41.1
36061,2651273,36.4
36063,90968,41.9
36065,134496,40.8
36067,302693,38.6
36069,64326,42.1
36071,173429,36.6
36073,15264,41
36075,45262,38.5
36077,30675,40.9
36079,37755,41.9
36081,684865,37.2
36083,67445,39.2
36085,129074,38.4
36087,146541,36.7
36089,49690,37.5
36091,103633,40.9
36093,75422,39.8
36095,12580,42.5
36097,9050,44.2
36099,16255,41
36101,47823,41.4
36103,777432,39.8
36105,35206,41.7
36107,18688,42.5
36109,66177,29.8
36111,85996,42
36113,45182,44.1
36115,21880,41.7
36117,37796,41.6
36119,553853,40
36121,17988,40.9
36123,8985,40.7
37000,5014861,37.4
37001,79185,38.7
37003,15556,40.8
37005,6010,45.9
37007,10909,39.5
37009,14086,45.5
37011,12168,42.3
37013,23266,43.8
37015,8832,42.9
37017,18015,41.3
37019,39006,47.4
37021,144744,40.6
37023,51175,41.2
37025,81559,36.7
37027,40034,41.3
37029,2931,40.1
37031,34976,45.8
37033,6104,43.6
37035,102291,39.6
37037,36228,43.6
37039,12911,48.1
37041,7883,44.8
37043,3447,49.6
37045,44042,40.3
37047,25114,39.8
37049,60511,36.2
37051,189055,31
37053,8563,41.3
37055,29134,43.6
37057,72946,40.3
37059,16012,42.5
37061,27204,37.8
37063,208498,33.2
37065,28725,39.6
37067,219513,37.2
37069,19399,39.1
37071,95554,38.9
37073,2631,42
37075,3741,44.3
37077,24426,39.8
37079,9128,37.7
37081,329538,36.3
37083,23052,41.7
37085,38795,33.5
37087,25755,45.6
37089,47953,45.4
37091,11872,41
37093,12206,30.9
37095,3238,41.2
37097,77529,38.9
37099,21036,36.3
37101,62483,36.3
37103,3090,44.1
37105,34511,37.4
37107,34905,41
37109,24677,40.4
37111,21228,41.6
37113,17034,47.8
37115,7899,43.3
37117,12392,44
37119,624692,33.9
37121,7746,45.7
37123,14007,40.2
37125,42485,45
37127,49777,39.9
37129,118789,37.3
37131,7828,45.5
37133,94848,25.7
37135,74611,33.1
37137,4496,48.3
37139,21590,36.6
37141,15056,41.1
37143,3861,46.4
37145,15578,41.4
37147,82501,31
37149,7463,49.1
37151,62893,39.5
37153,19221,38.7
37155,49770,34.4
37157,40959,42.2
37159,56563,39.1
37161,30155,42.5
37163,24315,38.2
37165,19224,38.4
37167,26232,40.5
37169,13241,42.8
37171,43034,41.2
37173,7210,40.8
37175,13578,48.8
37177,1715,41.4
37179,65850,36.2
37181,19301,38.6
37183,492396,34.4
37185,5961,44.9
37187,4982,44
37189,29275,28.4
37191,58892,36.6
37193,33112,42.4
37195,45166,38.7
37197,14664,41.4
37199,7119,45.5
38000,463681,37
38001,1795,49.5
38003,7795,44.3
38005,3629,31.6
38007,812,48.6
38009,4664,48
38011,2348,46.9
38013,1682,48.1
38015,60439,37.3
38017,109842,31.5
38019,3330,50.3
38021,3755,43
38023,1750,51.4
38025,1908,44.4
38027,1494,49.2
38029,2590,50.5
38031,2515,46.7
38033,1256,45.9
38035,50783,29.7
38037,1820,51.7
38039,1960,51.9
38041,1719,49.4
38043,1786,47.2
38045,2714,49.2
38047,1520,49.8
38049,2833,46.2
38051,2071,52.7
38053,4288,38
38055,5197,49.1
38057,6433,46.3
38059,11532,39.3
38061,3846,37
38063,2065,51.5
38065,1266,47.6
38067,5693,46.7
38069,3067,46.9
38071,8207,43
38073,3553,45.2
38075,1579,45.4
38077,11211,39.4
38079,6536,30.5
38081,3493,45.9
38083,962,53.4
38085,2106,26.3
38087,489,49.2
38089,16160,38.3
38091,1292,47.7
38093,14138,42
38095,1889,50.3
38097,4669,42.6
38099,7629,45.9
38101,40941,32.7
38103,3357,51.5
38105,13273,39
39000,6741288,38.8
39001,12548,39.6
39003,70534,38.3
39005,26918,39.3
39007,48752,41
39009,29350,26.3
39011,25160,40
39013,32819,43.4
39015,16607,39.9
39017,175915,36
39019,11613,43.1
39021,17053,39.7
39023,67531,40.5
39025,82625,38.5
39027,29988,38.7
39029,46021,42.3
39031,19780,40.8
39033,22044,41.9
39035,924114,40.2
39037,28708,40.8
39039,23120,39.4
39041,92962,37.4
39043,50114,43.4
39045,57592,38.2
39047,16302,39.4
39049,833953,33.4
39051,27303,39.9
39053,17263,39.9
39055,50334,43.3
39057,94366,37.2
39059,21405,40.9
39061,640615,37.1
39063,52840,38.5
39065,13381,34.7
39067,5322,44.4
39069,15962,39.8
39071,16877,39.2
39073,10288,40.9
39075,25713,29.7
39077,32378,38.4
39079,15586,39
39081,31209,43.9
39083,28184,38.3
39085,124087,42.3
39087,19161,40.1
39089,72897,39.1
39091,26033,39.9
39093,130485,40
39095,280441,37
39097,19917,39.1
39099,134582,42.9
39101,35456,39.9
39103,80469,40.4
39105,6276,41.2
39107,22405,39.4
39109,53519,40.6
39111,6955,44.7
39113,341333,39.2
39115,5262,42.4
39117,11109,39.5
39119,48561,39.5
39121,4942,48.6
39123,20048,46.3
39125,7539,40
39127,9490,38.6
39129,20246,38.5
39131,13786,39.2
39133,75222,37.4
39135,15646,40.9
39137,15379,39
39139,71424,40.9
39141,35106,39.8
39143,33417,40.4
39145,33019,38.8
39147,28668,38.8
39149,35715,37.9
39151,214272,41.1
39153,330184,40
39155,107623,42.8
39157,45926,40.9
39159,31905,36.4
39161,15075,40.3
39163,3299,39.6
39165,88508,37.8
39167,32870,43
39169,62180,38.3
39171,22445,40.7
39173,74057,35.3
39175,13200,40.5
40000,2023790,36.2
40001,8797,36.2
40003,3130,46
40005,6803,39.5
40007,3378,40.3
40009,11764,35.4
40011,6161,36.3
40013,20858,37.2
40015,12079,37.8
40017,37640,35.7
40019,29944,38.2
40021,21467,34.5
40023,6938,41.6
40025,2180,44.6
40027,101479,32.7
40029,2393,41
40031,64552,31.3
40033,2865,41.1
40035,9034,41.9
40037,29407,40
40039,16159,31.2
40041,14344,45.2
40043,3020,42.8
40045,2481,43.2
40047,34982,37.4
40049,14762,39.9
40051,21972,38.3
40053,2844,45.8
40055,2625,40.1
40057,1609,39.8
40059,1975,40.2
40061,6468,39.9
40063,5682,40.1
40065,16636,34.6
40067,2487,42.4
40069,4654,39.6
40071,27082,39.3
40073,9352,38.3
40075,4854,43
40077,6223,40
40079,18579,38.6
40081,14035,40.4
40083,17596,37.2
40085,4014,40.7
40087,10855,38.2
40089,16694,38.8
40091,7666,47
40093,4786,43.7
40095,6478,43.2
40097,15595,39.4
40099,6320,41
40101,38613,37.6
40103,6256,40.7
40105,4130,42
40107,4488,40.5
40109,515988,34.3
40111,15074,38.8
40113,17929,41.4
40115,14908,38.9
40117,6176,41.3
40119,45297,27.3
40121,22003,41.2
40123,22129,35.7
40125,29350,37
40127,5407,44.3
40129,2114,41.3
40131,35931,38.3
40133,10863,39.1
40135,14148,39
40137,21885,40.6
40139,12795,31.3
40141,4064,40.9
40143,410716,35.2
40145,12211,37.2
40147,24614,41.1
40149,4913,39
40151,5573,34.7
40153,12517,37
41000,2167715,38.4
41001,8791,47.9
41003,53965,32.1
41005,207909,40.6
41007,22680,43.2
41009,15865,41.3
41011,32753,47.3
41013,9986,45.6
41015,11391,53.5
41017,87158,40.2
41019,54756,46.1
41021,1350,49.7
41023,4548,50
41025,4373,45.2
41027,14730,38
41029,114177,42.1
41031,8760,39.6
41033,37866,47.3
41035,33219,41.7
41037,4326,47.4
41039,193928,39
41041,26031,49.6
41043,52382,39.2
41045,18334,36.2
41047,168257,35.1
41049,5332,36.5
41051,547187,35.7
41053,26058,37.1
41055,1217,48.2
41057,13026,47.5
41059,39766,35.7
41061,15362,40
41063,4555,50.5
41065,12487,41.7
41067,272637,35.3
41069,792,53
41071,41761,36.8
42000,7038038,40.1
42001,49998,41.3
42003,863090,41.3
42005,30973,44.5
42007,72983,44.4
42009,24011,43.9
42011,214377,39.1
42013,74543,42
42015,32491,43.4
42017,347944,42
42019,96042,41.5
42021,74898,43.8
42023,3286,48.2
42025,23716,43.9
42027,104259,28.7
42029,302773,39.3
42031,21623,39.4
42033,41626,42.9
42035,18308,38.5
42037,35435,39.5
42039,44349,41.7
42041,159784,40.3
42043,214828,39.4
42045,278444,38.7
42047,19811,45.1
42049,160751,38.6
42051,58893,43.6
42053,2587,43
42055,70547,40.1
42057,7370,41.8
42059,16519,41.1
42061,18666,41.2
42063,45207,38.3
42065,21561,43
42067,11943,40.9
42069,124717,41.8
42071,297207,38.2
42073,42059,43.6
42075,58187,41
42077,212396,39.4
42079,173413,42.5
42081,67905,41.1
42083,22704,41.5
42085,62393,42.8
42087,21739,42.5
42089,73971,40.3
42091,596909,40.6
42093,17191,43.9
42095,121082,40.9
42097,38799,43.4
42099,13058,41.1
42101,752499,33.5
42103,16847,43.7
42105,9879,44.9
42107,62642,43.2
42109,22338,39.2
42111,36657,44.3
42113,2889,49.9
42115,16191,45.1
42117,19351,42.4
42119,22099,38.5
42121,26351,44.3
42123,20341,45.1
42125,99713,43.6
42127,20103,45.9
42129,176307,45.1
42131,11910,42.3
42133,214555,40.1
44000,605368,39.4
44001,22145,42.9
44003,102901,42.7
44005,54240,43.2
44007,355099,37
44009,70983,42.3
45000,2326179,37.9
45001,11272,41.6
45003,79703,40
45005,4485,38.8
45007,82262,39.7
45009,7291,39.3
45011,9800,38.8
45013,89193,40.6
45015,57193,34.5
45017,8117,43.4
45019,264221,35.9
45021,24454,38.3
45023,14756,40.3
45025,18526,39.3
45027,11866,41.4
45029,15707,40.7
45031,28236,39.6
45033,12729,36.7
45035,35691,35.6
45037,8604,40.3
45039,8251,42.4
45041,80454,37.6
45043,33331,45.4
45045,284845,37.2
45047,37921,37.9
45049,7571,38.4
45051,134624,41.1
45053,8637,34.6
45055,26077,40.2
45057,24436,39.7
45059,24668,39.9
45061,6375,38.9
45063,124886,37.9
45065,2815,50
45067,15165,39.9
45069,10025,38.8
45071,17081,39.9
45073,31636,43.4
45075,42682,38.1
45077,47346,34.9
45079,256157,32.6
45081,6270,39.6
45083,145210,38
45085,54371,35.4
45087,10747,41.9
45089,12800,40.2
45091,87692,37.2
46000,529965,36.9
46003,1759,43.2
46005,10561,41.2
46007,1584,28.7
46009,3773,43.1
46011,21058,26.3
46013,26859,38.6
46015,3502,41.3
46017,782,25
46019,4937,41.1
46021,1065,50.1
46023,5932,38.2
46025,2289,45.7
46027,11162,25
46029,20003,37.7
46031,1705,29.7
46033,5268,50.3
46035,15092,37.8
46037,3747,47.9
46039,3077,43.9
46041,3060,30
46043,1882,48.3
46045,2405,45.7
46047,3548,50.5
46049,1280,46.9
46051,5500,45.1
46053,3020,48.2
46055,1625,48.8
46057,2377,36.8
46059,2362,48.2
46061,1302,35.5
46063,1013,43.3
46065,13069,39.8
46067,4476,46.8
46069,1160,46.4
46071,1398,31.5
46073,2038,48.6
46075,995,46.9
46077,3115,47.1
46079,6877,39.9
46081,15143,41
46083,17358,32.8
46085,2424,36.1
46087,3009,42.7
46089,1350,50.8
46091,2403,43.2
46093,15856,35.9
46095,810,34.2
46097,1507,46.4
46099,133867,34.5
46101,3444,40.5
46103,62234,36.8
46105,2378,48.5
46107,1567,50.6
46109,5277,39.5
46111,1414,47.1
46113,4959,23.5
46115,3820,44.4
46117,1786,41.9
46119,1133,46.6
46121,3640,24
46123,3957,45.3
46125,4166,43.7
46127,11152,40.2
46129,3719,47.2
46135,14128,41.3
46137,807,25.4
47000,3567121,38
47001,52021,42.6
47003,25061,36.4
47005,7052,45.5
47007,4030,42.3
47009,57225,41.4
47011,49882,38.2
47013,15081,41.7
47015,5465,41.4
47017,13440,42
47019,19845,42.2
47021,15826,39.3
47023,6818,36.2
47025,14256,41.1
47027,4204,45.1
47029,12950,42.9
47031,34380,39.7
47033,6513,39.6
47035,24585,48.3
47037,532678,33.9
47039,6295,44.3
47041,9227,41
47043,23474,38.7
47045,24271,39.3
47047,19459,41.9
47049,7869,42.3
47051,15950,41.3
47053,23055,39.9
47055,14974,42.1
47057,7383,42.1
47059,39118,42.6
47061,5067,41.4
47063,42996,39.6
47065,238473,39.3
47067,2284,42.9
47069,10515,39.2
47071,12670,43.5
47073,20187,42.1
47075,8503,39.2
47077,14235,39.7
47079,17048,44.3
47081,6761,40
47083,3029,41.8
47085,8580,41.9
47087,7330,44.7
47089,18455,40.8
47091,6654,43.3
47093,289337,37.2
47095,1991,38.3
47097,9477,36.4
47099,19749,39.7
47101,4294,41.2
47103,14740,41.8
47105,17857,46
47107,25748,41.6
47109,11007,41.6
47111,9805,38.7
47113,67276,36.8
47115,10307,42.3
47117,14683,38.9
47119,43848,38.4
47121,5556,42.9
47123,18374,41.6
47125,60755,30
47127,2629,43.3
47129,6107,39.8
47131,18379,41.4
47133,8492,41.6
47135,3901,43.1
47137,1908,47.2
47139,4253,42.5
47141,42327,35.9
47143,14931,39.8
47145,21141,44.9
47147,27375,37.6
47149,121592,32.2
47151,8906,38.1
47153,4439,40.6
47155,48551,40.9
47157,626196,34.6
47159,8608,39.9
47161,4137,42.8
47163,89304,43.6
47165,53890,38.6
47167,16039,36.6
47169,5054,39.5
47171,7094,44.9
47173,4759,40.1
47175,2300,44.5
47177,19516,39.3
47179,75710,39.3
47181,6192,40.9
47183,16862,37
47185,11862,42
47187,96945,38.5
47189,47744,39.3
48000,12656196,33.6
48001,25416,39.1
48003,6306,33.4
48005,47272,36.3
48007,10369,49
48009,4241,42.6
48011,1106,46.2
48013,16643,36.2
48015,15243,40.7
48017,3885,32.5
48019,6883,48.8
48021,22382,38.4
48023,2198,47
48025,11744,35.4
48027,161917,29.6
48029,890010,32.8
48031,6482,46.7
48033,540,46
48035,7913,45.2
48037,49215,37.9
48039,111090,35.1
48041,96355,24.5
48043,6586,41.5
48045,987,45.7
48047,3546,37.7
48049,21485,40.1
48051,7306,43
48053,23298,43.2
48055,11495,34.8
48057,12259,38.4
48059,5150,43
48061,154111,30.6
48063,5484,38.3
48065,6085,42.4
48067,13229,43.1
48069,4345,33.9
48071,10629,36.1
48073,23304,37.4
48075,3842,33.7
48077,5422,44.8
48079,1810,35.7
48081,1971,48.4
48083,4714,46.3
48085,322389,35
48087,2322,38.6
48089,11908,43.6
48091,46776,42.5
48093,8772,43.3
48095,2014,41.4
48097,23579,39.4
48099,20418,29.8
48101,1042,47.1
48103,1900,35.2
48105,2172,39.1
48107,3186,37.9
48109,1485,38
48111,5353,32.2
48113,1799255,32.5
48115,7113,33.4
48117,8980,31
48119,2113,44
48121,189108,33
48123,11711,42.8
48125,1455,42.3
48127,4017,35.7
48129,2171,42.5
48131,5376,37.3
48133,10849,42.7
48135,65827,31.4
48137,1443,47.2
48139,51900,35
48141,339722,31.3
48143,20638,31
48145,8226,39.9
48147,13637,41
48149,15565,46.4
48151,2237,45.7
48153,3659,38.5
48155,880,46.7
48157,176492,35
48159,6254,42.1
48161,10273,40.9
48163,6036,32.3
48165,7522,28.4
48167,122738,37.2
48169,3102,33.7
48171,14778,49.6
48173,880,38.2
48175,3148,45.7
48177,10550,37.2
48179,11331,38.8
48181,57328,39.5
48183,86378,35.3
48185,10500,40
48187,34982,36.4
48189,19472,32.2
48191,2023,43.5
48193,4775,46.7
48195,3309,35.5
48197,2239,42.7
48199,17347,38.1
48201,2354044,32.2
48203,29865,37.4
48205,1736,39
48207,3628,44.6
48209,58276,30.4
48211,2675,35.9
48213,28952,42.8
48215,256259,28.3
48217,15171,41
48219,11862,33.6
48221,15281,45.9
48223,18150,38.8
48225,11433,43.6
48227,15626,38.5
48229,1451,36.5
48231,38662,37.8
48233,10069,37.8
48235,962,45.1
48237,4285,39.2
48239,7513,39.4
48241,17338,40.5
48243,1378,52
48245,145574,36
48247,2416,35.6
48249,21079,34.9
48251,56615,36.3
48253,8250,39
48255,7182,37.2
48257,33593,35.4
48259,13534,44.1
48261,538,41.3
48263,712,48.4
48265,26496,47.3
48267,2979,48.6
48269,304,43.4
48271,1302,45.3
48273,15694,29
48275,2321,41.6
48277,28126,39.7
48279,7360,36.3
48281,7662,41
48283,2416,30
48285,11491,45.2
48287,9307,39.8
48289,9435,45.7
48291,26088,36.4
48293,11535,39
48295,2061,37
48297,5139,43.8
48299,6831,55
48301,71,52.7
48303,155378,30.4
48305,2765,39.4
48307,4783,43.5
48309,128919,32.7
48311,697,49.8
48313,5990,34.5
48315,3798,48.4
48317,2568,34.7
48319,2621,49.3
48321,15985,38.4
48323,17327,30
48325,14667,38.6
48327,1419,50.4
48329,81607,33.5
48331,11819,40.5
48333,3195,45.7
48335,3848,35.4
48337,9524,43.6
48339,136642,36.1
48341,11171,30.7
48343,5931,42.2
48345,1026,49
48347,30352,29.8
48349,24140,37.1
48351,3203,40.7
48353,8703,39
48355,189832,35.1
48357,5774,31.8
48359,1236,34.4
48361,30650,38.6
48363,12523,40.3
48365,11401,38.9
48367,40559,38.9
48369,6590,31.9
48371,6626,36.6
48373,16190,42.9
48375,103627,33
48377,2689,38.5
48379,4079,45.8
48381,33471,35.3
48383,2248,33.5
48385,1402,50.5
48387,5460,45.1
48389,5187,35.4
48391,3250,43
48393,539,41.3
48395,7227,40.4
48397,24636,35.9
48399,5898,42.3
48401,18541,38.6
48403,3748,50.5
48405,3010,47.1
48407,5147,43
48409,26088,36.1
48411,3930,40.6
48413,1657,33.7
48415,8814,36.8
48417,2154,42.9
48419,11802,37.6
48421,1768,36.8
48423,117167,35.6
48425,4782,40.3
48427,19191,29
48429,5044,40.1
48431,966,41.8
48433,1268,46.3
48435,3124,38.7
48437,3994,37
48439,919304,33.4
48441,80455,32.8
48443,634,44.5
48445,6143,35.1
48447,1147,46.6
48449,21487,32.5
48451,63364,34.3
48453,673258,31.9
48455,4649,47.3
48457,6411,42.1
48459,11407,40.5
48461,1698,36.5
48463,13637,35.3
48465,22748,32.3
48467,17780,42.1
48469,48817,36.4
48471,28270,34.5
48473,15609,31.7
48475,4326,37
48477,20654,41.6
48479,99624,27.8
48481,21774,37.2
48483,3240,40.2
48485,79853,33.9
48487,8996,38
48489,5422,32.1
48491,120209,34.2
48493,11504,40
48495,3073,34.7
48497,24398,38.4
48499,14191,47.5
48501,4377,32.8
48503,11183,41.8
48505,4866,28.3
48507,4671,30.8
49000,1456904,29.2
49001,3113,31.9
49003,25500,30.6
49005,59368,25.5
49007,11188,34.4
49009,642,42.8
49011,136328,29.2
49013,8600,29.7
49015,5625,32.8
49017,3189,39
49019,5954,39.9
49021,20796,26.8
49023,4273,29.3
49025,4084,44.5
49027,6397,33.7
49029,3407,32
49031,678,40.5
49033,1253,34.7
49035,668693,30.8
49037,5547,29.9
49039,10578,28.4
49041,10673,32.8
49043,27450,37.1
49045,17595,29.6
49047,15137,29.1
49049,217915,24.6
49051,8807,31.6
49053,59836,32.5
49055,1649,37.1
49057,112629,30.7
50000,419208,41.5
50001,24195,41.3
50003,26148,45.1
50005,18431,42.1
50007,122646,36.2
50009,2428,47.4
50011,23261,39.6
50013,2548,45.5
50015,15885,39.7
50017,14443,43.8
50019,15620,43.7
50021,39548,44.3
50023,44626,42.3
50025,34207,44.9
50027,35222,45.8
51000,4633650,37.5
51001,18423,44.7
51003,107650,38.2
51005,12124,45.8
51007,4883,42.7
51009,13988,42
51011,5840,42.8
51013,204092,33.4
51015,63536,42.9
51017,2878,47.5
51019,32071,44.3
51021,2797,43.6
51023,14282,44.9
51025,6765,41.3
51027,10112,43.8
51029,6331,41.7
51031,79753,41.1
51033,9137,38.9
51035,21076,44.7
51036,2580,46.6
51037,5743,43.7
51041,155185,37.6
51043,6639,44.9
51045,1594,44.8
51047,19441,38.2
51049,2152,41.6
51051,4607,43
51053,42044,40.7
51057,5389,43.2
51059,791674,37.3
51061,33093,41.3
51063,5817,43.6
51065,6482,41.1
51067,19904,44.1
51069,63027,39.1
51071,6918,43.2
51073,14310,42.6
51075,15450,45.2
51077,4900,46.7
51079,4640,39.3
51081,10074,40.9
51083,17329,44.7
51085,54004,41
51087,199949,37.5
51089,37001,44.7
51091,1446,52.5
51093,17200,43.8
51095,53979,44.9
51097,2405,45.2
51099,15165,36.6
51101,5061,39.4
51103,6952,54.1
51105,9332,41.2
51107,147385,34.8
51109,14633,42.6
51111,4559,43.8
51113,6632,44.1
51115,3904,50.1
51117,17006,45.8
51119,5064,51
51121,57557,26.6
51125,5446,47.6
51127,5002,42.4
51131,7051,47.8
51133,4711,53.6
51135,7743,41.4
51137,11587,42.6
51139,9389,43
51141,7646,46.8
51143,54573,44.2
51145,9073,41.6
51147,11214,30.9
51149,28786,38
51153,171347,33.5
51155,18062,44.1
51157,3790,47.5
51159,3866,43.5
51161,75935,43.3
51163,19709,46.5
51165,74456,40.4
51167,11942,43
51169,7763,44.7
51171,19857,43.1
51173,18361,43.1
51175,11819,44.3
51177,70249,36.4
51179,39348,34.6
51181,2813,45
51183,4383,40.6
51185,20980,43.2
51187,14929,39.7
51191,42527,43.7
51193,5723,46.6
51195,21984,39
51197,14755,43.2
51199,33478,39.4
51510,112706,35.6
51515,0,42.9
51520,0,41.3
51530,0,37.6
51540,0,27.8
51550,119437,37
51560,0,0
51570,0,41.9
51580,0,42.9
51590,0,42.6
51595,0,37.9
51600,0,39.1
51610,0,39
51620,0,40.7
51630,0,28.8
51640,0,42.4
51650,80167,35.5
51660,0,22.7
51670,0,36.5
51678,0,22.8
51680,0,30.3
51683,0,32.1
51685,0,30.9
51690,0,43.6
51700,115680,32.3
51710,228219,29.7
51720,0,40
51730,0,39.8
51735,0,43.5
51740,56110,35.7
51750,0,22.4
51760,179621,32
51770,80722,38.5
51775,0,40.5
51780,0,0
51790,0,42.2
51800,29835,37.9
51810,246892,34.9
51820,0,38.8
51830,0,23.8
51840,0,35.1
53000,3631419,37.3
53001,8972,29
53003,8069,43.5
53005,86760,35.6
53007,50619,39.3
53009,34699,49
53011,170392,36.7
53013,2127,48.3
53015,46286,40.2
53017,12147,36.8
53019,2727,47.3
53021,28270,28.4
53023,1346,49
53025,39656,32.1
53027,33088,41.9
53029,35825,43.2
53031,14745,53.9
53033,1416560,37.1
53035,123044,39.4
53037,18499,31.9
53039,9330,45.3
53041,34846,41.5
53043,5103,47.6
53045,19358,44.4
53047,23112,42.9
53049,9728,50.8
53051,4050,47.8
53053,353708,35.9
53055,10248,52.7
53057,61823,40.1
53059,2896,44
53061,290253,37.1
53063,256075,36.8
53065,15993,45
53067,121301,38.5
53069,1591,52.3
53071,33366,36.7
53073,103790,36.6
53075,22396,24.4
53077,118621,32.2
54000,894013,41.3
54001,5522,41.5
54003,38609,37.6
54005,10281,40.7
54007,5817,43.8
54009,10927,44.8
54011,64687,38.7
54013,2722,45.1
54015,2824,41.5
54017,2622,42.4
54019,16674,43
54021,3045,38
54023,5734,44
54025,18614,45
54027,7419,42.6
54029,16092,45.3
54031,8467,42.8
54033,43113,41.8
54035,12079,42.2
54037,19488,38.9
54039,134071,42.4
54041,7701,43.4
54043,4386,41.2
54045,13692,42.4
54047,6051,43.8
54049,26583,41
54051,17768,44.3
54053,9170,42.4
54055,28649,42.5
54057,9725,42.3
54059,9214,40.9
54061,56745,29.1
54063,4350,45
54065,4861,45
54067,11056,43.3
54069,31837,43.5
54071,3653,47.3
54073,4245,42.4
54075,5341,47.1
54077,11178,42
54079,24395,40.9
54081,39464,41.1
54083,15904,43.4
54085,4956,44.3
54087,5776,43.5
54089,3948,45.7
54091,4608,42.3
54093,3905,46.3
54095,3395,45.2
54097,11313,40.9
54099,11898,41.3
54101,3319,44.1
54103,6245,44.8
54105,1480,44.4
54107,51648,42.2
54109,6747,42.6
55000,3501835,38.5
55001,8984,49.2
55003,11987,40.3
55005,31404,43.1
55007,7608,49.4
55009,180057,36.2
55011,10373,44.1
55013,8754,49.1
55015,22595,38.4
55017,31339,40.1
55019,18063,37.2
55021,30049,41
55023,12138,44.7
55025,372363,34.4
55027,49134,40.7
55029,20378,49.4
55031,21343,39.8
55033,23245,33.5
55035,69528,33.4
55037,1723,49
55039,59670,40.2
55041,5290,44.1
55043,28150,36.4
55045,22291,41.1
55047,11085,44.5
55049,16908,41.1
55051,3855,51
55053,12484,41.4
55055,48720,38.2
55057,12062,43.6
55059,75186,36.3
55061,10499,42.2
55063,81221,35.2
55065,7037,40.4
55067,11346,45.7
55069,16271,44.7
55071,44014,43
55073,90090,39.4
55075,26085,45.7
55077,5967,47.4
55078,2300,31.4
55079,601608,33.6
55081,26024,39.1
55083,14667,43.7
55085,26389,48
55087,124434,37.1
55089,51792,42.9
55091,3508,44.1
55093,17182,34.5
55095,22173,42.5
55097,43013,35.8
55099,9062,48.3
55101,94497,39
55103,9781,43
55105,84544,38
55107,8656,45.8
55109,38156,36.7
55111,45976,40
55113,10597,47.2
55115,20100,43
55117,75939,40.3
55119,12822,41.8
55121,16605,40.8
55123,14174,41.5
55125,10873,50.7
55127,54708,38.1
55129,7652,47.7
55131,64962,40.9
55133,277470,42
55135,26712,43.5
55137,9076,46.2
55139,105054,37.9
55141,52033,42.6
56000,347935,36.8
56001,20682,26.8
56003,6737,41.8
56005,25807,31.9
56007,9578,38.9
56009,7119,39
56011,3844,43.6
56013,22027,38.5
56015,6866,43.6
56017,2995,48.6
56019,5318,44.8
56021,57647,37
56023,9322,37.4
56025,48251,36.8
56027,1689,46.1
56029,19151,43.6
56031,5535,47.5
56033,18174,41.9
56035,5142,38.3
56037,25867,32.8
56039,23975,36.9
56041,12066,33.9
56043,5395,41.8
56045,4748,42.3
